mr,generated,reference_1,n_references,missing_slot_values
"name[Miss Chase Women's Sheath Dress], category[Clothing], subcategory[Women's Clothing], priceRange[moderate], type[Sheath], ideal for[Women's], occasion[Casual], pattern[Animal Print]",Miss Chase dresses for casual wear. This dress is made of high quality fabric and has a smooth texture.,"This animal print dress is perfect for the summers, and a guaranteed style statement. Pair this lovely number with colored flats and accessories for a ?pop?",1,name[Miss Chase Women's Sheath Dress]; type[Sheath]; pattern[Animal Print]
"name[Live In Slim Fit Men's Trousers], category[Clothing], subcategory[Men's Clothing], priceRange[expensive], type[Trouser], ideal for[Men's], color[Black], occasion[Formal]","Live In Thin Fit Men Trouser Is A Trousertape. This Trousethape is made up Of Alloy, Alloy, Steel, Alloy Fabric.","Join The League Of Fashionable Men This Season By Wearing These Trousers For Men From Live In. Made From Cotton Fabric, They Are Comfortable To Wear And Soft On The Skin.",1,name[Live In Slim Fit Men's Trousers]; color[Black]
"name[Ravishing Variety Statue Showpiece - 30 cm], brand[Ravishing Variety], category[Home Decor & Festive Needs], subcategory[Showpieces], priceRange[moderate], type[Ethnic], color[Gold], material[Brass], weight[750 g]",Ravishing Your Visuals With This Showpiece From Ravishing. This Show Piece Is Made Of Brass.,"This Dokra Style Statue is made of brass decoring your home,room,dinning room etc. improving shining of your home.",1,name[Ravishing Variety Statue Showpiece - 30 cm]; brand[Ravishing Variety]; type[Ethnic]; color[Gold]
"name[Jacknjewel Charming Six Stone White Gold Diamond 18 K Ring], brand[Jacknjewel], category[Jewellery], subcategory[Rings], priceRange[expensive], type[Ring], ideal for[Women], color[White], occasion[Wedding and Engagement]","This beautiful ring holds 6 diamonds, a total diamond weight of 0.6 carat, a weight of 1.6 pounds and a total weight of 2.5 carat.",Certified Diamond Ring Made In 18 Kt Hallmark Gold Studded With 0.06 Carat Diamond. All Products Is Certified And Hallmarked.,1,name[Jacknjewel Charming Six Stone White Gold Diamond 18 K Ring]; brand[Jacknjewel]; color[White]
"name[Voylla Artifictial Beaded Plain Pearl Yellow Gold Plated Alloy Necklace], brand[Voylla], category[Jewellery], subcategory[Necklaces & Chains], priceRange[moderate], type[Necklace], ideal for[Women], color[Gold], occasion[Wedding and Engagement, Love]",This beautiful necklace from Voylla is made of Gold Plates. This necklace is made up of Gold plated Alloy Plated and is made to last longer than normal.,"Steal the spotlight with this stylish statement necklace, set with exquisite golden, black & white pearl bead work. Grab this perfect steal of the season today!",1,name[Voylla Artifictial Beaded Plain Pearl Yellow Gold Plated Alloy Necklace]
"name[First Smart Deal Plant Container Set], brand[First Smart Deal], category[Tools & Hardware], subcategory[Tools], priceRange[cheap], type[Outdoor], color[Brown], material[Plastic], height[27 cm]",This beautiful and unique set of First Smart Deals is a must have for outdoor gardening. This set of first smart deals is made of Plastic and Plastic.,Plastic Planter 12 Pot is used for all types of indoor & outdoor plants.,1,name[First Smart Deal Plant Container Set]; color[Brown]
"name[Gypsy Soul Casual Short Sleeve Polka Print Women's Top], category[Clothing], subcategory[Women's Clothing], priceRange[moderate], ideal for[Women's], occasion[Casual], pattern[Polka Print], fabric[Georgette (Polyester)]",Gypsy is a beautiful and unique fashion statement. This polka print is made of Polyester and is made to last longer than normal.,Black and white polka dot georgette top with white frills at neckline and a long placket with short cap sleeves. Buttons down the front.,1,name[Gypsy Soul Casual Short Sleeve Polka Print Women's Top]; fabric[Georgette (Polyester)]
"name[Vero Moda Casual Sleeveless Printed Women's Top], category[Clothing], subcategory[Women's Clothing], priceRange[moderate], type[Top], ideal for[Women's], occasion[Casual], pattern[Printed]",This is a beautiful and stylish pair of casual jeans from Vero. This pair of jeans is made of premium quality fabric and has a smooth texture.,Get trendy with this printed top from the house of Vero Moda. This black top will make you look elegant.,1,name[Vero Moda Casual Sleeveless Printed Women's Top]; type[Top]; pattern[Printed]
"name[Radiant Bay Infinity Bows Yellow Gold Diamond 18 K Ring], brand[Radiant Bay], category[Jewellery], subcategory[Rings], priceRange[expensive], type[Ring], ideal for[Women], color[Yellow], occasion[Workwear]","This beautiful ring holds 8 diamonds, a total diamond weight of 0.6 carat, a diamond weight, a weight of 1.6 per carat and a total weight of 2.5 carat.","This beautiful ring holds 44 diamonds with a total diamond weight of 0.2 carat. Top Width : 6.6mm, Shank Width : 1.4 mm.",1,name[Radiant Bay Infinity Bows Yellow Gold Diamond 18 K Ring]; brand[Radiant Bay]; color[Yellow]
"name[Vaishali Bindi and Bangles Brass, Copper Bangle Set], brand[Vaishali Bindi and Bangles], category[Jewellery], subcategory[Bangles, Bracelets & Armlets], priceRange[moderate], type[Bangle Set], ideal for[Girls, Women], color[Green], precious artificial jewellery[Fashion Jewellery]","This Vaishalis Bindi Set is made of Brass and Brass. It is made up of Brass, Brass, and Brass Plated.",Fabulous Mahendi Green Colour Bangle Set with variety of Bangles embellished with Pearl and Thread work to enhance your traditional appearance.,1,"name[Vaishali Bindi and Bangles Brass, Copper Bangle Set]; brand[Vaishali Bindi and Bangles]; type[Bangle Set]; color[Green]"
"name[Zwart CLINROV 32 L Medium Backpack], category[Bags, Wallets & Belts], subcategory[Bags], priceRange[expensive], type[Backpack], ideal for[Men, Women], occasion[Casual], pattern[Vibrant Colour]",This is the best looking and most versatile bag for men and women. This bag holds 32 L weight and is made up of sturdy and comfortable fabric.,Green and black Rucksack. Has adjustable shoulder strap with branding at front.,1,name[Zwart CLINROV 32 L Medium Backpack]; type[Backpack]; pattern[Vibrant Colour]
"name[Cayman Full Sleeve Solid Men's Sweatshirt], category[Clothing], subcategory[Men's Clothing], priceRange[moderate], type[Hooded], ideal for[Men's], occasion[Casual], pattern[Solid]","This sweatshirt is made of premium quality fabric, it has a high quality fabric and is comfortable to wear. The front pockets are made of high quality cotton and are comfortable to carry.","These Hoodies are for those who prefer wearing something comfy and relaxed on a regular basis. These trend setters are top of the line and have no intentions of going out of fashion.Men's winter wear fleece sweatshirt,Full Zipper wth Hood.",1,name[Cayman Full Sleeve Solid Men's Sweatshirt]; type[Hooded]; pattern[Solid]
