mr,ref,supported_by_MR,notes
"name[Vero Moda Casual Sleeveless Printed Women's Top], category[Clothing], subcategory[Women's Clothing], priceRange[moderate], type[Top], ideal for[Women's], occasion[Casual], pattern[Printed]",Get trendy with this printed top from the house of Vero Moda. This black top will make you look elegant.,partial,Printed top/Vero Moda supported; 'black' not in MR
"name[Fullcutdiamond FCDR6801R Yellow Gold Diamond 18K Yellow Gold 18 K Ring], brand[Fullcutdiamond], category[Jewellery], subcategory[Rings], priceRange[expensive], type[Ring], ideal for[Women], color[Gold], occasion[Everyday]",0.28 Cts Fullcutdiamond Diamond Ring in Gold & Real Diamonds,partial,Diamond gold ring supported; '0.28 Cts' not in MR
"name[Radiant Bay Solitaire Charmer Yellow Gold Diamond 18 K Ring], brand[Radiant Bay], category[Jewellery], subcategory[Rings], priceRange[expensive], type[Ring], ideal for[Women], color[Yellow], occasion[Love]","This beautiful ring holds 15 diamonds with a total diamond weight of 0.29 carat. Top Width : 3.9mm, Shank Width : 1.6 mm.",partial,"Ring supported; diamond count, carat weight, widths not in MR"
"name[Wild Stone Deodorant No-22 Combo Set], category[Beauty and Personal Care], subcategory[Fragrances], priceRange[cheap], ideal for[Men]",Long lasting fragrance Contains tricolosan as an active ingredient for deodorizing and long lasting fragrance,partial,Fragrance supported; triclosan/long-lasting not in MR
"name[Fab Fashion Alloy Necklace], brand[Fab Fashion], category[Jewellery], subcategory[Necklaces & Chains], priceRange[moderate], type[Necklace], ideal for[Women, Girls], color[Silver], occasion[Everyday]","Durable and has a wonderful finish.Designed to excellence, this Double Strand Leaf Pendant Necklace makes for a wonderful gifting option as well.",partial,Necklace supported; 'double strand leaf pendant' not in MR
"name[Orange Tree Maxim Wall Decor Set Of 3 Showpiece - 4 cm], brand[Orange Tree], category[Home Decor & Festive Needs], subcategory[Showpieces], priceRange[expensive], type[Ethnic], color[Gold], material[Iron], width[31 cm]",Metal saucer with a hammered look floats a classic round mirror in the center. These set of 3 in ant.,partial,"Set of 3, metal supported; mirror/saucer design not in MR"
"name[Aardee Neon Net Design Art Thick Fabric Pencil Box], category[Toys & School Supplies], subcategory[School Supplies], priceRange[cheap], series[Neon Net], pencil box art[Design], pencil box material[Thick Fabric]",A very beautiful and unique pouch in neon colour with lovely shine and two separate narrow pouches in a net design.,partial,"Neon net design pouch supported; shine, two narrow pouches not in MR"
"name[Golden Peacock Crystal Alloy Necklace], brand[Golden Peacock], category[Jewellery], subcategory[Necklaces & Chains], priceRange[cheap], type[Necklace], ideal for[Women], color[Brown], occasion[Wedding and Engagement]","Gold Plated, Intricately Designed, Pendant Embellished With Brown Stone.Comes With A Chain That Has An Adjustable Lobster Clasp",partial,"Necklace with brown stone supported; gold plated, lobster clasp not in MR"
"name[Xtreme MB Windtone For TVS Pep Plus 110 dB Vehicle Horn], brand[Xtreme], category[Automotive], subcategory[Accessories & Spare parts], priceRange[cheap], type[Internal], color[Black], material[Plastic, Metal], weight[500 g]",18 Sounds Digital Computer Chip Electric Powered Horn. RATED VOLTAGE: 12V.18 Sounds Digital Computer Chip Electric Powered Horn.,partial,"Horn supported; 18 sounds, digital chip, 12V not in MR"
"name[Saviour HPSAVTHRB Tough Hat with Ratchet -Blue Fire Fighting Helmet], brand[Saviour], category[Tools & Hardware], subcategory[Tools], priceRange[cheap], type[Fire Fighting Helmet], ideal for[Men], color[Blue], weight[350 g]","Saviour Tough Hat Industrial Helmet made of high impact, Heat and Chemical resistant HDPE polymer with 6-point adjustable and comfortable Head harness in ratchet fittings with high absorption and washable Sweatband. Comes with high tensile Nylon Chin strap with special structure brim design.",partial,"Saviour helmet with ratchet supported; HDPE, harness, chin strap not in MR"
"name[Hand Art Terracotta Mask Showpiece - 28 cm], brand[Hand Art], category[Home Decor & Festive Needs], subcategory[Table Decor & Handicrafts], priceRange[moderate], type[Human Figurines], color[Multicolor], material[Terracotta], width[9 cm]","Panchmura of Bankura, West Bengal is home to 350 crafts persons who are involved in making Terracotta Masks & Horse inexorably linked to their habitant culture. Bold demonic look & pretty look is the characteristic feature of the masks.",partial,Terracotta mask supported; Bankura origin/artisan details not in MR
"name[Gypsy Soul Casual Short Sleeve Polka Print Women's Top], category[Clothing], subcategory[Women's Clothing], priceRange[moderate], ideal for[Women's], occasion[Casual], pattern[Polka Print], fabric[Georgette (Polyester)]",Black and white polka dot georgette top with white frills at neckline and a long placket with short cap sleeves. Buttons down the front.,partial,"Polka georgette short-sleeve top supported; colours, frills, buttons not in MR"
"name[Ermani Export Printed Double Blanket Multicolor], brand[Ermani Export], category[Home Furnishing], subcategory[Bed Linen], priceRange[expensive], type[Blanket], ideal for[Men and Women], color[Multicolor], weight[1500 g]","ERMANI EXPORT Presenting the world famous Jaipuri Pure Cotton Bed Razai (Quilt) in traditional Sanganeri Hand Block print of Rajasthan. These good looking, fluffy, hand-made Indian quilts are a specialty of Jaipur.",partial,"Ermani Export printed supported; pure cotton, Jaipuri quilt details not in MR"
"name[Seher Tribal Fibre Art Showpiece - 36 cm], brand[Seher], category[Home Decor & Festive Needs], subcategory[Table Decor & Handicrafts], priceRange[moderate], type[Human Figurines], color[Multicolor], material[Wooden], weight[445 g]",This is the newest art from in the culturally rich land of West Bengal. Artisans make shapes out of White polymer that are then planted on wooden sheets and left to dry.,partial,"Wooden supported; West Bengal, white polymer process not in MR"
"name[Vaishali Bindi and Bangles Brass, Copper Bangle Set], brand[Vaishali Bindi and Bangles], category[Jewellery], subcategory[Bangles, Bracelets & Armlets], priceRange[moderate], type[Bangle Set], ideal for[Girls, Women], color[Green], precious artificial jewellery[Fashion Jewellery]",Fabulous Mahendi Green Colour Bangle Set with variety of Bangles embellished with Pearl and Thread work to enhance your traditional appearance.,partial,Green bangle set supported; pearl and thread work not in MR
"name[UFC Mart PR009492 Showpiece - 25 cm], brand[UFC Mart], category[Home Decor & Festive Needs], subcategory[Showpieces], priceRange[expensive], type[Ethnic], color[Multicolor], material[Wooden], weight[680 g]",KundanWood Photo Frame which is the right accessory to showcase your favorites memories. Perfect for Photos from Special Events and Cherishe.,no,Describes a photo frame; MR is a showpiece
"name[Woodman Steel Car Bumper Guard], brand[Woodman], category[Automotive], subcategory[Accessories & Spare parts], priceRange[expensive], type[Bumper], color[Silver], material[Steel], finish[Matte]","Woodman Steel Car Bumper Guard (Silver, Pack of 3, Chevrolet, Cruze) Steel Bumper Gurd With Chrome Bumper Patta Which Covers The Maximum Back Bumper Of Your Car",partial,"Woodman steel silver bumper guard supported; pack of 3, Chevrolet Cruze, chrome not in MR (finish is matte)"
"name[i-KitPit Pouch for Lenovo A369i], brand[i-KitPit], category[Mobiles & Accessories], subcategory[Mobile Accessories], priceRange[cheap], color[Red], material[Artificial Leather], shade[Red], designed for[Lenovo A369i]","Durable & strong pouch, made up of premium quality artificial leather. Protects screen from unnecessary scratches.",yes,Artificial leather pouch supported; rest is generic
"name[Live In Slim Fit Men's Trousers], category[Clothing], subcategory[Men's Clothing], priceRange[expensive], type[Trouser], ideal for[Men's], color[Black], occasion[Formal]","Join The League Of Fashionable Men This Season By Wearing These Trousers For Men From Live In. Made From Cotton Fabric, They Are Comfortable To Wear And Soft On The Skin.",partial,Live In trousers supported; cotton fabric not in MR
"name[Prithish Friendship Is Love With Understanding Double Color Ceramic Mug], category[Kitchen & Dining], subcategory[Coffee Mugs], priceRange[cheap], type[Mug], material[Ceramic], weight[340 g], width[80 mm]","""Get Talking With Your Coffee! Our Wide Selection Of Cute And Catchy Designs Means You'Re Sure To Find The Quote That Says What It Is, The Way It Is.",yes,Quote mug matches name; rest is generic marketing
"name[Joyeria Milan Plate Resin Necklace], brand[Joyeria Milan], category[Jewellery], subcategory[Necklaces & Chains], priceRange[moderate], type[Necklace], ideal for[Women], color[Black], occasion[Everyday]",Add grace and style to your look with this jewellery set from Joyeria Milan. Team it up with your favorite outfits and step out in style.,partial,Joyeria Milan supported; calls it a jewellery set but MR is a necklace
"name[I Am For You Women's Solid Casual Shirt], category[Clothing], subcategory[Women's Clothing], priceRange[cheap], ideal for[Women's], occasion[Casual], pattern[Solid], sleeve[Full Sleeve]",Full sleeve shirt with hidden placket and plaets on side of placket.,partial,"Full sleeve shirt supported; hidden placket, pleats not in MR"
"name[Rawpockets Graphic Print Men's Round Neck T-Shirt], category[Clothing], subcategory[Men's Clothing], priceRange[cheap], type[Round Neck], ideal for[Men's], occasion[Casual], pattern[Graphic Print]","Rawpockets Is A Fresh Funky Brand, Provides A Huge Range Of Clothing And Accessories For Fans Of Famous Movies, Tv Shows, Games, Cartoon, Anime And Many More Graphic Tees.",partial,Graphic tees supported; brand/fandom claims not in MR
"name[Rockmantra 3d Fruits Ceramic Mug], category[Kitchen & Dining], subcategory[Coffee Mugs], priceRange[cheap], type[Mug], material[Ceramic], weight[300 g], width[88 mm]","Give a thrilling yet fresh start to your day. An exclusive creation by Rockmantra, this mug features porcelain crafting ensuring the design stays permanent for years to come and making it a perfect pick to gift your loved ones too!Dishwasher and microwave safe.",partial,Rockmantra mug supported; dishwasher/microwave safe not in MR
"name[ShellysTrends Planters Plant Container Set], brand[ShellysTrends], category[Tools & Hardware], subcategory[Tools], priceRange[expensive], type[Decorative], color[Brown], material[Metal], height[13 cm]",Planters With Oriental Touch & Old World Charm For Urban & Cosmopolitan Homes,yes,Planters supported; rest is subjective
"name[Lovinoform Latest Comfortable Stylist Non Padded Red Cotton Women's Full Coverage Bra], brand[Red], category[Clothing], subcategory[Women's Clothing], priceRange[moderate], type[Full Coverage Bra], ideal for[Women's], color[Red], occasion[Casual, Festive, Formal]",LovinoForm Latest Fashionable Stylist Cotton Bra gives comfortable as well as feminine making it a perfect choice. This bra is a soft Padded bra.,partial,Cotton bra supported; says padded but MR says non padded (contradiction)
"name[Clovia Light padding Women's Plunge Bra], brand[Purple], category[Clothing], subcategory[Women's Clothing], priceRange[cheap], type[Plunge Bra], ideal for[Women's], color[Purple], occasion[Casual]",This t-shirt bra provides wire free comfort in soft cotton rich fabric. The cups are lightly padded and they provide volume with a smooth shape.,partial,"Lightly padded supported; t-shirt bra, wire free, cotton not in MR"
"name[Merastore Precious and Priceless Rhodium Swarovski Crystal Alloy Pendant], brand[Merastore], category[Jewellery], subcategory[Pendants & Lockets], priceRange[expensive], type[Pendant], ideal for[Women, Girls], occasion[Religious, Everyday, Love, Workwear], gemstone[Swarovski Crystal]",Swan shape pendant in blue color made with Swarovski elements,partial,"Swarovski pendant supported; swan shape, blue colour not in MR"
"name[Vitalwalls With Frame Canvas Painting], brand[Vitalwalls], category[Home Decor & Festive Needs], subcategory[Wall Decor & Clocks], priceRange[expensive], weight[0.7 kg], width[24 inch], height[18 inch], frame included[Yes]",Premium Canvas Art Print. This Art Print is a Best Seller.,yes,Canvas art print supported
"name[WearYourShine by PCJ The Adriyel Gold Diamond 18 K Ring], brand[WearYourShine by PCJ], category[Jewellery], subcategory[Rings], priceRange[expensive], type[Ring], ideal for[Men], color[Yellow], width[23.5 mm]",WearYourShine by PC Jeweller features an expert curation of fine jewellery pieces that are expressive of the women of today. These pieces are designed to become the newest keepsakes in your life!,partial,Brand supported; 'women of today' conflicts with ideal for Men
"name[Vedika Jewellery Alloy Bangle Set], brand[Vedika Jewellery], category[Jewellery], subcategory[Bangles, Bracelets & Armlets], priceRange[moderate], type[Bangle Set], ideal for[Women], color[Gold], occasion[Everyday]",Add some sparkle to your ethnic outfits by wearing these bangles from Vedika Jewellery. This set includes a mix of sleek and thick bangles and features a simple and elegant design.,partial,Vedika bangles supported; sleek/thick mix not in MR
"name[Nexus NX_7557 Analog Watch - For Women], category[Watches], subcategory[Wrist Watches], priceRange[moderate], type[Analog], ideal for[Women], dial shape[Contemporary], strap color[Black]",Check out this uber cool watch for a dash of style and oomph. The unique shape of the dial has a very distinct sense of appeal.,yes,Watch with distinct dial shape supported
"name[Grafion Comfort Feel Women's Full Coverage Bra], brand[White], category[Clothing], subcategory[Women's Clothing], priceRange[cheap], type[Full Coverage Bra], ideal for[Women's], color[White], occasion[Beach Wear, Casual, Lounge Wear]","So pretty and feminine, this white coloured bra from the house of Grafion will certainly impress you at the very first glance. This regular-fit bra will certainly make you feel beautiful and comfortable within.",yes,White Grafion bra supported; comfort is generic
"name[TheLostPuppy Back Cover for Apple iPad Air 2], brand[TheLostPuppy], category[Mobiles & Accessories], subcategory[Tablet Accessories], priceRange[expensive], color[Multicolor], material[Plastic], shade[Multicolor], designed for[Apple iPad Air 2]",Designed To Protect And Impress. The Lost Puppy Brings You Robust Mobile Covers In All Sizes.,yes,Brand and cover supported; rest generic
"name[Vidhya Kangan Brass Yellow Gold Bracelet], brand[Vidhya Kangan], category[Jewellery], subcategory[Bangles, Bracelets & Armlets], priceRange[cheap], type[Bracelet], ideal for[Women], color[Green], occasion[Love]",From the house of Vidhya Kangan presenting an exotic designer wear jewellery that matches with all occasional jewellery needs. color Green material Cotton and Brass pack of 1 bangles.,partial,"Vidhya Kangan, green, brass supported; cotton not in MR"
"name[Nisa Pearls Mother of Pearl Jewel Set], brand[Nisa Pearls], category[Jewellery], subcategory[Jewellery Sets], priceRange[expensive], type[Earring and Necklace Set], ideal for[Women, Girls], color[White], occasion[Everyday, Love, Workwear]","The prettiest Fashion jewellery, beautiful and easy to wear.",yes,Generic; nothing contradicts MR
"name[Vitalwalls With Frame Canvas Painting], brand[Vitalwalls], category[Home Decor & Festive Needs], subcategory[Wall Decor & Clocks], priceRange[expensive], weight[0.5 kg], width[11.81103 inch], height[17.4409543 inch], other dimensions[30 X0.01X 44.3]",Vitalwalls With Frame Canvas Painting (17.4409543 inch x 11.81103 inch) Premium Canvas Art Print. This Art Print is a Best Seller.,yes,Name and dimensions match MR
"name[S4S Stylish Women's Push-up Bra], brand[Orange], category[Clothing], subcategory[Women's Clothing], priceRange[moderate], type[Push-up Bra], ideal for[Women's], color[Orange, Brown], occasion[Casual]",S4S Brings you a range of stylish and comfortable collection. Colour may slightly vary depending on your computer monitor setting.,yes,S4S stylish/comfortable is generic
"name[JDX Plain Bed/Sleeping Pillow], brand[JDX], category[Home Furnishing], subcategory[Cushions, Pillows & Covers], priceRange[expensive], type[Bed/Sleeping Pillow], ideal for[Men], color[White], width[38 cm]","This is Exclusive comfort cushion with best quality of JDXONLINESALE Color: White, Material: Reliance Fabric Packaging: Plain polybag, Vacuum Packed (Compressed Piece), Washable, Machine wash using a mild detergent. Hang to dry.",partial,"JDX white pillow supported; fabric, packaging, washing info not in MR"
"name[Grafion by Grafion - Comfort Feel Women's Full Coverage Bra], brand[White], category[Clothing], subcategory[Women's Clothing], priceRange[moderate], type[Full Coverage Bra], ideal for[Women's], color[Multicolor], occasion[Beach Wear, Lounge Wear, Casual]","So pretty and feminine, this multi coloured set of 3 bra's from the house of Grafion will certainly impress you at the very first glance. These two white cotton hosiery bras's and one black cotton bra will certainly make you feel beautiful and comfortable within.",partial,"Grafion multicolour supported; set of 3, specific colours, cotton hosiery not in MR"
"name[Ravishing Variety Statue Showpiece - 30 cm], brand[Ravishing Variety], category[Home Decor & Festive Needs], subcategory[Showpieces], priceRange[moderate], type[Ethnic], color[Gold], material[Brass], weight[750 g]","This Dokra Style Statue is made of brass decoring your home,room,dinning room etc. improving shining of your home.",partial,Brass statue supported; Dokra style not in MR
"name[Glus Yadiali Women's Push-up Bra], brand[Purple], category[Clothing], subcategory[Women's Clothing], priceRange[moderate], type[Push-up Bra], ideal for[Women's], color[Purple], occasion[Wedding]",Glus Yadiali Pushup Underwire T-shirt Bra : Enhance your Cleavage with extra thich pushup cup . Underwire Seamless -Tshirt Bra .,partial,"Push-up bra supported; underwire, seamless t-shirt not in MR"
"name[First Smart Deal Plant Container Set], brand[First Smart Deal], category[Tools & Hardware], subcategory[Tools], priceRange[cheap], type[Outdoor], color[Brown], material[Plastic], height[27 cm]",Plastic Planter 12 Pot is used for all types of indoor & outdoor plants.,partial,"Plastic outdoor planter supported; 12 pots, indoor not in MR"
"name[ALX New York Striped V-neck Casual Men's Sweater], category[Clothing], subcategory[Men's Clothing], priceRange[expensive], ideal for[Men's], occasion[Casual], pattern[Striped], sleeve[Full Sleeve]","Look good effortlessly in this chocolate, stylish striped sweater in long sleeves made in luxurious Merino wool. Its bound to keep you warm and snug.",partial,"Striped full-sleeve sweater supported; chocolate, merino wool not in MR"
"name[Vaishna Pro Women's Full Coverage Bra], brand[Multicolor], category[Clothing], subcategory[Women's Clothing], priceRange[cheap], type[Full Coverage Bra], ideal for[Women's], color[Multicolor], occasion[Casual]","Our VAISHNA bra is so comfortable and supportive, you will forget you have it on.Crafted from cotton, these are extremely comfortable to wear and keep you feeling fresh and confident all day long.",partial,Bra supported; cotton not in MR
"name[Awesome Silk Embroidered Blouse Material], category[Clothing], subcategory[Women's Clothing], priceRange[moderate], type[Blouse Material], ideal for[Women's], color[Blue], pattern[Embroidered]",Awesome Self Desing ready to stitch fully embellished Awesome blouse pc in Art Silk,partial,Silk blouse material supported; 'self design' vs embroidered
"name[Nutcase Sticker Wrap Design - Gummy Bears 800 ml Bottle], category[Kitchen & Dining], subcategory[Containers & Bottles], priceRange[cheap], type[Bottle], height[25 cm], body material[Aluminium]","Nutcase brings you designer water bottle . Nutcase Bottles reflect your style, your attitude.",yes,Nutcase designer bottle supported
"name[Peora Sterling Silver Rose Gold Bracelet], brand[Peora], category[Jewellery], subcategory[Bangles, Bracelets & Armlets], priceRange[expensive], type[Bracelet], ideal for[Women], color[Copper], occasion[Workwear]",This beautiful design is crafted out of Sterling Silver and comes with a 925 stamp. It is plated with Nickel Free Rhodium for shine and protection.,partial,Sterling silver supported; rhodium plating conflicts with rose gold
"name[Jovial Mart Store Men's Solid Formal Shirt], brand[Slim], category[Clothing], subcategory[Men's Clothing], priceRange[expensive], ideal for[Men's], occasion[Formal], pattern[Solid], fabric[Cotton]","Show Off Your Love For Smart Dressing As You Wear This Formal Shirt From The House Of Jovial Mart. Fashioned Using The Ultimate Material For Comfort- Cotton, This Shirt Will Keep You At Ease.",yes,Jovial Mart formal cotton shirt supported
"name[MHK Pouch for Apple iPad Air, Apple iPad Air 2, Apple 4th Generation iPad, Apple iPad 4], brand[MHK], category[Mobiles & Accessories], subcategory[Tablet Accessories], priceRange[expensive], color[Black], material[Artificial Leather], shade[Black and Red]","Not only can you protect your Apple Device from dings and scratches with this unique custom case, you can express your individuality with our stylish designs. This thin, lightweight, and durable case is made with an easy-to grip material that provides superior in-hand comfort.",yes,Apple tablet case supported; rest generic
"name[JadeBlue Men's Solid Formal Shirt], brand[Regular], category[Clothing], subcategory[Men's Clothing], priceRange[moderate], ideal for[Men's], occasion[Formal], pattern[Solid], fabric[Cotton]",You can never go wrong while wearing a solid black shirt. This black shirt by JadeBlue would fit you llike a second skin.,partial,Solid JadeBlue shirt supported; 'black' not in MR
"name[Indiano Women's Leggings], category[Clothing], subcategory[Women's Clothing], priceRange[cheap], type[Leggings], ideal for[Women's], occasion[Casual], pattern[Printed]","A Pair Of Knitted Printed Panelled Leggings, Has An Elasticated Waistband With A Contrast Panel, Tapered Legs. Flaunt A Laid-Back Look In This Pair Of Leggings From Indiano.",partial,"Printed Indiano leggings supported; knitted, panelled, waistband not in MR"
"name[Saviour HPSAV VG Y Vanguard -Yellow Construction Helmet], brand[Saviour], category[Tools & Hardware], subcategory[Tools], priceRange[cheap], type[Construction Helmet], ideal for[Men], color[Yellow], weight[300 g]","Saviour Vanguard Industrial Helmet made of high impact, Heat and Chemical resistant HDPE polymer with 6-point adjustable and comfortable Head harness in ratchet fittings with high absorption and washable Sweatband. Comes with high tensile Nylon Chin strap with special structure brim design.",partial,"Saviour helmet supported; HDPE, harness, chin strap not in MR"
"name[Anjan Brass Cubic Zirconia Yellow Gold Kada], brand[Anjan], category[Jewellery], subcategory[Bangles, Bracelets & Armlets], priceRange[expensive], type[Kada], ideal for[Women], color[Gold], occasion[Wedding and Engagement]","Anjan Creation Presents This Golden Coloured KADA, Which Will Add A Hint Of Class To Your Femininity. Made Of Alloy, This KADA Will Retain Their Quality And Shine For Years To Come.",partial,Golden kada supported; says alloy but MR says brass (contradiction)
"name[Zwart CLINROV 32 L Medium Backpack], category[Bags, Wallets & Belts], subcategory[Bags], priceRange[expensive], type[Backpack], ideal for[Men, Women], occasion[Casual], pattern[Vibrant Colour]",Green and black Rucksack. Has adjustable shoulder strap with branding at front.,partial,"Backpack supported; green/black, adjustable strap not in MR"
"name[Trident Cotton Set of Towels], brand[Trident], category[Home Furnishing], subcategory[Bath Linen], priceRange[moderate], type[Set of Towels], color[Multicolor], material[Cotton], width[70 cm]","Trident Cotton Set of Towels (4 Bath Towels, Multicolor) Pre-washed fabric which ensures the colors do not fade and finish & texture of the fabric is not lost after washing. Azo Free Dyes are used which are good for the skin and environment",partial,"Trident cotton multicolour towels supported; 4 bath towels, pre-washed, azo-free not in MR"
"name[Nimya Solid Men's Polo Neck T-Shirt], category[Clothing], subcategory[Men's Clothing], priceRange[expensive], type[Polo Neck], ideal for[Men's], occasion[Casual], pattern[Solid]",Nimya Is In Lifestyle Fashion And Athletic Apparels. This Polo T-Shirt Is Made To Bring Out The Style In You.,yes,Nimya polo supported
"name[BlueStone Kshitija Yellow Gold Diamond 18 K Ring], brand[BlueStone], category[Jewellery], subcategory[Rings], priceRange[expensive], type[Ring], ideal for[Women], color[Yellow], occasion[Religious]","""Any Stones (including Diamonds) would be verified by either one of the two international gem testing laboratories, i.e. either from SGL or HKD""",no,Gem lab verification statement; nothing grounded in MR
"name[Jaabili Men's Solid Formal Shirt], brand[Regular], category[Clothing], subcategory[Men's Clothing], priceRange[moderate], ideal for[Men's], occasion[Formal], pattern[Solid], fabric[Cotton]","Complete your formal wardrobe with this formal white shirt.the fabric used in this shirt is sourced from quality mills. Ride high on style with its buttoned up sleeves, semi spread collar and a chest pocket.",partial,"Formal cotton shirt supported; white, collar, pocket not in MR"
"name[Abr Casual Shoes], category[Footwear], subcategory[Women's Footwear], priceRange[cheap], ideal for[Women], color[Brown], occasion[Casual], outer material[Synthetic Leather]",Fashionable Ballerinas For All Time Wear. Accessorize with: Your daily formal wear would suit best for these classic black bellies.,no,Says black and formal; MR is brown and casual
"name[Tradeyard impex Beautiful Alloy Jewel Set], brand[Tradeyard impex], category[Jewellery], subcategory[Jewellery Sets], priceRange[cheap], type[Earring and Pendant Set], ideal for[Women], color[Gold, Blue], occasion[Wedding and Engagement]",This Designer Jewelry is made by Alloy Metal .It is decorated with acrylic & Blue CZ stone. New Fashion Ethnic Designs Latest Trendy Jewelry.,partial,"Alloy, blue stone supported; acrylic, CZ not in MR"
"name[Fabulloso Metal Bracelet Set], brand[Fabulloso], category[Jewellery], subcategory[Bangles, Bracelets & Armlets], priceRange[cheap], type[Bracelet Set], ideal for[Women, Girls], color[Multicolor], occasion[Religious, Love, Workwear]",And what happened as soon as we set eyes on this beauty? We were charmed!,no,Generic sentence; no product content
"name[Miss Chase Women's Sheath Dress], category[Clothing], subcategory[Women's Clothing], priceRange[moderate], type[Sheath], ideal for[Women's], occasion[Casual], pattern[Animal Print]","This animal print dress is perfect for the summers, and a guaranteed style statement. Pair this lovely number with colored flats and accessories for a ?pop?",yes,Animal print dress supported
"name[Enthopia Back Cover for iPad Mini, iPad Mini 2, iPad Mini Retina], brand[Enthopia], category[Mobiles & Accessories], subcategory[Tablet Accessories], priceRange[expensive], color[Multicolor], shade[Multicolor], designed for[iPad Mini, iPad Mini 2, iPad Mini Retina], waterproof[Yes]",Protetcive Hard Back Case for for iPad Mini/Mini 2 with Multi-Fold Smart Cover. Funky design and International Quality Standard.,partial,iPad Mini back case supported; smart cover not in MR
"name[Tia by Ten on Ten Lacy Women's Push-up Bra], brand[Black], category[Clothing], subcategory[Women's Clothing], priceRange[moderate], type[Push-up Bra], ideal for[Women's], color[Black], occasion[Casual]",Soft microfiber padding and a delicate underwire for enhanced coverage and shaping. A patch of lace at the cup edges adds a touch of romance.,partial,"Lacy push-up bra supported; microfiber, underwire not in MR"
"name[Port Fusion Football Shoes], category[Footwear], subcategory[Men's Footwear], priceRange[moderate], ideal for[Men], color[Orange], occasion[Sports], outer material[PU]","Stylish and comfortable, this pair of casual and sport shoes from Port is your best companion for your running or training sessions. Team this pair up with a pair of track pants and a sweatshirt to ace that sporty look.",partial,Port sports shoes supported; running/training vs football
"name[Jewel Touch Mosaic Charm Alloy Necklace], brand[Jewel Touch], category[Jewellery], subcategory[Necklaces & Chains], priceRange[moderate], type[Necklace], ideal for[Girls, Women], color[Turquoise, Gold], occasion[Wedding and Engagement, Religious, Love]","This Jeweltouch Necklace Features A Complete Craftmanship, Framed And Mounted In An Alloy. This Necklace Is Unique Among Jewelry Accessories.",yes,Jewel Touch alloy necklace supported
"name[Jacknjewel Charming Six Stone White Gold Diamond 18 K Ring], brand[Jacknjewel], category[Jewellery], subcategory[Rings], priceRange[expensive], type[Ring], ideal for[Women], color[White], occasion[Wedding and Engagement]",Certified Diamond Ring Made In 18 Kt Hallmark Gold Studded With 0.06 Carat Diamond. All Products Is Certified And Hallmarked.,partial,"18K diamond ring supported; 0.06 carat, certification not in MR"
"name[Tia by Ten on Ten Princa Women's T-Shirt Bra], brand[Beige], category[Clothing], subcategory[Women's Clothing], priceRange[moderate], type[T-Shirt Bra], ideal for[Women's], color[Beige], occasion[Casual]",Tia by Ten on Ten brings you this comfortable bra that has been crafted from soft cotton blended fabric which allows your skin to breathe along with 3 section cup design for perfect fitting and support to your bust.,partial,"Tia bra supported; cotton blend, 3-section cup not in MR"
"name[Adimani Alloy Bangle], brand[Adimani], category[Jewellery], subcategory[Bangles, Bracelets & Armlets], priceRange[expensive], type[Bangle], ideal for[Women], color[Gold], occasion[Wedding and Engagement]",This Bangle Exquisite design is sure going to turn many heads in appreciation and praise. This piece of jewellery will last longer in your jewellery box.,yes,Bangle; rest generic
"name[Voylla Artifictial Beaded Plain Pearl Yellow Gold Plated Alloy Necklace], brand[Voylla], category[Jewellery], subcategory[Necklaces & Chains], priceRange[moderate], type[Necklace], ideal for[Women], color[Gold], occasion[Wedding and Engagement, Love]","Steal the spotlight with this stylish statement necklace, set with exquisite golden, black & white pearl bead work. Grab this perfect steal of the season today!",partial,Pearl gold necklace supported; black & white pearls not in MR
"name[MKB Fabric Bangle], brand[MKB], category[Jewellery], subcategory[Bangles, Bracelets & Armlets], priceRange[expensive], type[Bangle], ideal for[Women, Girls], color[Pink], occasion[Wedding and Engagement]",This Ethnic Handmade Kada Style Bangle Is A New Style Statement. A Base Of Pink Colour Velvet Cloth Is Used In The Bangle Making.,partial,"Pink fabric bangle supported; velvet, handmade kada not in MR"
"name[Karatcraft Sima Gold Diamond 18 K Ring], brand[Karatcraft], category[Jewellery], subcategory[Rings], priceRange[expensive], type[Ring], ideal for[Women, Girls], color[Gold], precious artificial jewellery[Precious Jewellery]","A delicate Diamond Ring design which is petit but great for everyday jewellery. A must have small solitaire, recommended as a first solitaire ring by us",partial,Diamond ring supported; 'solitaire' not in MR
"name[Fuson Back Cover for Samsung Galaxy J7], brand[Fuson], category[Mobiles & Accessories], subcategory[Tablet Accessories], priceRange[moderate], color[Multicolor], material[Plastic], shade[Multicolor], designed for[Samsung Galaxy J7]","FUSON Premium 2D Designer Back Cover For SAMSUNG GALAXY J7, This Durable, Stylish 2D Case Keeps Your SAMSUNG GALAXY J7 Safe and Protected. These attractive and unique designs are Customized Designs.",yes,Fuson cover for Galaxy J7 supported
"name[Bedazzle Women's Checkered Casual Shirt], category[Clothing], subcategory[Women's Clothing], priceRange[moderate], ideal for[Women's], occasion[Casual], pattern[Checkered], fabric[Cotton]","Bedazzle and Vivity are brands owned and managed by Karishma Fashions, Mumbai. Our products personify a fashionable and stylish you.",no,Brand ownership info only; nothing about the shirt
"name[Ozel Studio Casual Full Sleeve Solid Women's Top], category[Clothing], subcategory[Women's Clothing], priceRange[moderate], type[Wrap top], ideal for[Women's], occasion[Casual], pattern[Solid]","Wrap yourself with chic contours. This royal blue top from OZEL Studio has a wrap V-neck that extends till the hem, a high back collar and full sleeves.",partial,"Full sleeve wrap top supported; royal blue, collar not in MR"
"name[Prithish Pscyhedelic Designs 1 Ceramic Mug], category[Kitchen & Dining], subcategory[Coffee Mugs], priceRange[cheap], type[Mug], material[Ceramic], weight[340 g], width[80 mm]","""Get talking with your coffee! Our wide selection of cute and catchy designs means you're sure to find the quote that says what it is, the way it is.",yes,Design mug; generic marketing
"name[Alvaro Self Design Tie], category[Clothing], subcategory[Men's Clothing], priceRange[cheap], type[Tie], pattern[Self Design], fabric[Microfiber]",Alvaro Castagnino Yellow & Blue Colored Microfibre Self Design Tie,partial,Alvaro self design microfibre tie supported; yellow & blue not in MR
"name[Sukkhi Copper Rhodium Bangle Set], brand[Sukkhi], category[Jewellery], subcategory[Bangles, Bracelets & Armlets], priceRange[moderate], type[Bangle Set], ideal for[Women, Girls], color[White], occasion[Everyday, Wedding and Engagement]",This Sukkhi Delightful Rhodium Plated Set OF 4 Australian Diamond Single Line Bangle is made of Copper. Women love jewellery; specially artificial jewellery adore a women.,partial,"Sukkhi rhodium copper bangle set supported; set of 4, Australian diamond not in MR"
"name[Quirky Wheel Pizza Cutter], brand[Quirky], category[Kitchen & Dining], subcategory[Kitchen Tools], priceRange[moderate], type[Wheel], color[Silver], blade material[Stainless Steel], handle material[Plastic]","Quirky Wheel Pizza Cutter (Stainless Steel Pack of 1) Sharp stainless steel pizza wheel,Dual crust blades on both sides of pizza wheel,Handheld design eases strain on hands and wrists,Soft handheld piece makes for easier gripping,Dishwasher safe and easy to clean",partial,"Stainless steel pizza wheel supported; dual blades, dishwasher safe not in MR"
"name[Real Seed Hanging Stylish Planter Highly Durable And Elegant Plant Container Set], brand[Real Seed], category[Tools & Hardware], subcategory[Tools], priceRange[expensive], type[Hanging], color[Orange], material[Plastic], weight[2000 g]","This Product Made From Very Good Plastic. It Is Used For Indoor, Outdoor, Decorative, Home Decor, Gardening Purpose.",yes,Plastic planter supported; uses are generic
"name[Sweet Angel Printed Girl's Track Pants], category[Clothing], subcategory[Kids' Clothing], priceRange[moderate], ideal for[Girl's], occasion[Casual], pattern[Printed], fabric[cotton]",Sweet angel begie color side pocket rock printed lowers for cool winters in warm fleece fabric for girls,partial,"Printed girl's track pants supported; beige, fleece (MR says cotton), pocket not in MR"
"name[Pink Rose Metal Bracelet], brand[Pink Rose], category[Jewellery], subcategory[Bangles, Bracelets & Armlets], priceRange[expensive], type[Bracelet], ideal for[Women, Girls], color[Gold], occasion[Everyday]","Beautifully Crafted, Which Combines The Attributes Of A Pink Rose, Which Are Passion, Admiration, Grace, Elegance, Gratitude And Appreciation. Designed To Compliment You…",yes,Generic; nothing contradicts MR
"name[Bainsons Flexible & Portable uf-M01 USB USB Fan], brand[Bainsons], category[Computers], subcategory[Laptop Accessories], priceRange[cheap], type[USB Fan], color[Multicolor], material[Plastic], system requirements[USB Port 1.0]","This flexible USB Fan for Laptop & PC is durable featherweight construction and small enough to take it anywhere easily. Low power consumption, low noise electro-motor and compatible with any USB-socket, directly plug the USB Fan into USB port on your laptop PC.",partial,Flexible USB fan supported; low power/low noise not in MR
"name[Magnum Footwear Lifestyle Boots], category[Footwear], subcategory[Women's Footwear], priceRange[expensive], ideal for[Women], color[Black], occasion[Casual], outer material[Synthetic Leather]","Magnum is a leading brand in women footwear supplying finest export quality genuine leather footwear. These footwear are outcome of highest quality research and special attention is paid to consumers' need in terms of fashion, style and durability.",no,Brand blurb claims genuine leather; MR says synthetic
"name[Green Girgit Plant Container Set], brand[Green Girgit], category[Tools & Hardware], subcategory[Tools], priceRange[cheap], type[Hanging], color[Green], material[Metal], height[30 cm]",Beautiful And Colorful Planters Make Your Garden Full Of Life.,yes,Colourful planters; generic
"name[Wrangler Solid Turtle Neck Casual Men's Sweater], category[Clothing], subcategory[Men's Clothing], priceRange[expensive], ideal for[Men's], occasion[Casual], pattern[Solid], fabric[100% Cotton]","Navy blue sweater, has a mock collar, a full zip closure, long sleeves, a ribbed hemlineBeat the chill this Winter by donning this comfortable sweater from Wrangler. Team it with a pair of slim fit jeans or chinos and canvas shoes to complete the ensemble.",partial,"Wrangler sweater supported; navy, full zip not in MR"
"name[Shopping Karega Casual Printed Women's Kurti], category[Clothing], subcategory[Women's Clothing], priceRange[moderate], ideal for[Women's], occasion[Casual], pattern[Printed], fabric[Imported Stuff]","Impress everyone with your stunning traditional look by wearing this kurti. Fine finish and contemporary designs, the trendy designs speak a language of elegance and feminity,using the finest quality fabrics and is trendy fashionable as well as comfortable.",yes,Printed kurti; generic
"name[Enwraps Utility Pouch Hippie Miniature Bag Abstract Art Cloth Pencil Box], category[Pens & Stationery], subcategory[School Supplies], priceRange[cheap], weight[200 g], width[90 mm], height[200 mm], depth[50 mm]",Exclusive range of attractive and unique multipurpose pouches by Enwraps. These can be used as pencil boxes as well as it can be used as travel pouches.,yes,Enwraps pouch / pencil box supported
"name[Jewels Of Jaipur Gold Ruby Yellow Gold 14 K Ring], brand[Jewels Of Jaipur], category[Jewellery], subcategory[Rings], priceRange[expensive], type[Ring], ideal for[Women], color[Red], occasion[Wedding and Engagement]","Gemstone Wt-0.150,Actual Diamond Wt-0.051 Diamond Color :- Ij , Diamond Clarity Si, Diamond Cut: Brilliant",no,Stone weights/grades not in MR
"name[DailyObjects Back Cover for Apple iPad 2/3/4], brand[DailyObjects], category[Mobiles & Accessories], subcategory[Tablet Accessories], priceRange[expensive], color[Multicolor], material[Plastic], shade[Multicolor], designed for[Apple iPad 2/3/4]","About DailyObjects: This slim back cover is a product of DailyObjects.com, India’s largest seller of designer and customisable smartphone cases. DailyObjects has a curated collection of exclusive licensed art that we have painstakingly sourced from artists that we love, from around the world.",partial,DailyObjects back cover supported; company claims not in MR
"name[Voylla Artificial Classic Plain Yellow Gold Plated Alloy Necklace], brand[Voylla], category[Jewellery], subcategory[Necklaces & Chains], priceRange[cheap], type[Necklace], ideal for[Women], color[Beige], weight[55.88 g]","Spice Up Your Look With Some Chunky Jewellery, Featuring A Layered Beaded Necklace In Beige, Pink And Gold Mixture Of Colours. Perfect Pick To Add In Your Jewellery Collection.",partial,"Beige necklace supported; layered beaded, pink not in MR"
"name[Clovia Non Padded Women's Plunge Bra], brand[Black], category[Clothing], subcategory[Women's Clothing], priceRange[moderate], type[Plunge Bra], ideal for[Women's], color[Black], occasion[Casual]",This stretchable lacy bra from Clovia is one of those great examples where comfort and design achieve that perfect harmony. The intricate lace patterns above the cups make it a treat to look at.,partial,"Clovia bra supported; lace, stretch not in MR"
"name[Ndura Kadhai 1.7 L], brand[Ndura], category[Kitchen & Dining], subcategory[Cookware], priceRange[moderate], type[Kadhai], color[Silver], diameter[19 cm], capacity[1.7 L]","A fantastic addition to your kitchen, this silver coloured kadhai brought to you by Steel Factory is all set to ease up your cooking tasks. Finely crafted out of high quality stainless steel, this kadhai comes in mirror finish and looks very classy",partial,Silver kadhai supported; brand 'Steel Factory' conflicts with Ndura
"name[DailyObjects Back Cover for Apple iPad 2, 3, 4], brand[DailyObjects], category[Mobiles & Accessories], subcategory[Tablet Accessories], priceRange[expensive], color[Red], material[Plastic], shade[Red], designed for[Apple iPad 2, 3, 4]","The design on this case is like the story of one of those movies in which two people exchange their outer appearances, only here these two creatures have exchanged the texture of their skin. Still the confusion will bring a smile on your face.",no,Describes the art only; nothing grounded in MR
"name[YK Self Design Round Neck Casual Boy's Sweater], category[Clothing], subcategory[Kids' Clothing], priceRange[moderate], ideal for[Boy's], occasion[Casual], pattern[Self Design], fabric[100% Acrylic]","Navy sweater, has knitted pattern, a round neck, and long sleeves. Pep up your little boy's look with this trendy sweater.",partial,"Round neck self design boy's sweater supported; navy, long sleeves not in MR"
"name[Tallenge Christmas Collection - Christmas Tree With Yellow Background - Gallery Wrap Canvas Painting], brand[Tallenge], category[Home Decor & Festive Needs], subcategory[Wall Decor & Clocks], priceRange[expensive], weight[0.5 kg], width[15 inch], height[15 inch], shape[Square]","The countdown is on! Time to select gifts for friends and families, and maybe something for yourself too.",no,Generic gifting text; no product content
"name[Printland PMBA1871 Ceramic Mug], category[Kitchen & Dining], subcategory[Coffee Mugs], priceRange[cheap], type[Mug], material[Ceramic], weight[350 g], mug capacity[350 ml]",Printland coffee mug is an adorable and a fantastic coffee mug. One can enjoy their morning coffee/tea in this huge mug.,yes,Printland mug supported
"name[Shopper Tree Women's Solid Casual Shirt], brand[Slim], category[Clothing], subcategory[Women's Clothing], priceRange[moderate], type[Midi], ideal for[Women's], occasion[Casual], pattern[Solid]",Off white ladies top with full sleeves and collarr with hidden lace near the pocket gives the garment a fresh look and can be used with black trousers.,partial,"Solid women's top supported; off white, collar, lace not in MR"
"name[Fullcutdiamond FCDR806R White Gold Diamond 18K White Gold 18 K Ring], brand[Fullcutdiamond], category[Jewellery], subcategory[Rings], priceRange[expensive], type[Ring], ideal for[Women], color[Gold], occasion[Everyday]",0.26 Cts Fullcutdiamond Diamond Ring in Gold & Real Diamonds,partial,Diamond gold ring supported; '0.26 Cts' not in MR
