mr,ref
"name[Saviour HPSAVTHRB Tough Hat with Ratchet -Blue Fire Fighting Helmet], brand[Saviour], category[Tools & Hardware], subcategory[Tools], priceRange[cheap], type[Fire Fighting Helmet], ideal for[Men], color[Blue], weight[350 g]","Saviour Tough Hat Industrial Helmet made of high impact, Heat and Chemical resistant HDPE polymer with 6-point adjustable and comfortable Head harness in ratchet fittings with high absorption and washable Sweatband. Comes with high tensile Nylon Chin strap with special structure brim design."
"name[Indiano Women's Leggings], category[Clothing], subcategory[Women's Clothing], priceRange[cheap], type[Leggings], ideal for[Women's], occasion[Casual], pattern[Printed]","A Pair Of Knitted Printed Panelled Leggings, Has An Elasticated Waistband With A Contrast Panel, Tapered Legs. Flaunt A Laid-Back Look In This Pair Of Leggings From Indiano."
"name[Prithish Pscyhedelic Designs 1 Ceramic Mug], category[Kitchen & Dining], subcategory[Coffee Mugs], priceRange[cheap], type[Mug], material[Ceramic], weight[340 g], width[80 mm]","""Get talking with your coffee! Our wide selection of cute and catchy designs means you're sure to find the quote that says what it is, the way it is."
"name[Clovia Non Padded Women's Plunge Bra], brand[Black], category[Clothing], subcategory[Women's Clothing], priceRange[moderate], type[Plunge Bra], ideal for[Women's], color[Black], occasion[Casual]",This stretchable lacy bra from Clovia is one of those great examples where comfort and design achieve that perfect harmony. The intricate lace patterns above the cups make it a treat to look at.
"name[Orange Tree Maxim Wall Decor Set Of 3 Showpiece - 4 cm], brand[Orange Tree], category[Home Decor & Festive Needs], subcategory[Showpieces], priceRange[expensive], type[Ethnic], color[Gold], material[Iron], width[31 cm]",Metal saucer with a hammered look floats a classic round mirror in the center. These set of 3 in ant.
"name[Pink Rose Metal Bracelet], brand[Pink Rose], category[Jewellery], subcategory[Bangles, Bracelets & Armlets], priceRange[expensive], type[Bracelet], ideal for[Women, Girls], color[Gold], occasion[Everyday]","Beautifully Crafted, Which Combines The Attributes Of A Pink Rose, Which Are Passion, Admiration, Grace, Elegance, Gratitude And Appreciation. Designed To Compliment You…"
"name[Shopping Karega Casual Printed Women's Kurti], category[Clothing], subcategory[Women's Clothing], priceRange[moderate], ideal for[Women's], occasion[Casual], pattern[Printed], fabric[Imported Stuff]","Impress everyone with your stunning traditional look by wearing this kurti. Fine finish and contemporary designs, the trendy designs speak a language of elegance and feminity,using the finest quality fabrics and is trendy fashionable as well as comfortable."
"name[Golden Peacock Crystal Alloy Necklace], brand[Golden Peacock], category[Jewellery], subcategory[Necklaces & Chains], priceRange[cheap], type[Necklace], ideal for[Women], color[Brown], occasion[Wedding and Engagement]","Gold Plated, Intricately Designed, Pendant Embellished With Brown Stone.Comes With A Chain That Has An Adjustable Lobster Clasp"
"name[Ozel Studio Casual Full Sleeve Solid Women's Top], category[Clothing], subcategory[Women's Clothing], priceRange[moderate], type[Wrap top], ideal for[Women's], occasion[Casual], pattern[Solid]","Wrap yourself with chic contours. This royal blue top from OZEL Studio has a wrap V-neck that extends till the hem, a high back collar and full sleeves."
"name[Quirky Wheel Pizza Cutter], brand[Quirky], category[Kitchen & Dining], subcategory[Kitchen Tools], priceRange[moderate], type[Wheel], color[Silver], blade material[Stainless Steel], handle material[Plastic]","Quirky Wheel Pizza Cutter (Stainless Steel Pack of 1) Sharp stainless steel pizza wheel,Dual crust blades on both sides of pizza wheel,Handheld design eases strain on hands and wrists,Soft handheld piece makes for easier gripping,Dishwasher safe and easy to clean"
"name[Disney Ben 10 Cartoon Art Metal Pencil Box], category[Toys & School Supplies], subcategory[School Supplies], priceRange[cheap], weight[107 g], width[72 mm], height[28 mm], depth[204 mm]",Providing better safeguarding of all Personal and valuable items with a reliable lock system.
"name[Wecart Alloy Crystal Rose Gold Bangle Set], brand[Wecart], category[Jewellery], subcategory[Bangles, Bracelets & Armlets], priceRange[moderate], type[Bangle Set], ideal for[Women], color[White], occasion[Wedding and Engagement, Religious]",Stylish Girl Bangles With Lots Of Incredible & Stunning Looks
"name[Adimani Alloy Bangle], brand[Adimani], category[Jewellery], subcategory[Bangles, Bracelets & Armlets], priceRange[expensive], type[Bangle], ideal for[Women], color[Gold], occasion[Wedding and Engagement]",This Bangle Exquisite design is sure going to turn many heads in appreciation and praise. This piece of jewellery will last longer in your jewellery box.
"name[Divine Forever Metal Necklace], brand[Divine Forever], category[Jewellery], subcategory[Necklaces & Chains], priceRange[moderate], type[Necklace], ideal for[Girls], color[Silver], occasion[Everyday]","Divine forever presents these beautiful necklace chains for women, with an amazing color finishes for everyday wear purposes. Made of base materials like alloy, metal, acrylic and copper that makes these necklace chains durable and adorable."
"name[Lovinoform Latest Comfortable Stylist Non Padded Red Cotton Women's Full Coverage Bra], brand[Red], category[Clothing], subcategory[Women's Clothing], priceRange[moderate], type[Full Coverage Bra], ideal for[Women's], color[Red], occasion[Casual, Festive, Formal]",LovinoForm Latest Fashionable Stylist Cotton Bra gives comfortable as well as feminine making it a perfect choice. This bra is a soft Padded bra.
"name[Abr Casual Shoes], category[Footwear], subcategory[Women's Footwear], priceRange[cheap], ideal for[Women], color[Brown], occasion[Casual], outer material[Synthetic Leather]",Fashionable Ballerinas For All Time Wear. Accessorize with: Your daily formal wear would suit best for these classic black bellies.
"name[Jewel Touch Mosaic Charm Alloy Necklace], brand[Jewel Touch], category[Jewellery], subcategory[Necklaces & Chains], priceRange[moderate], type[Necklace], ideal for[Girls, Women], color[Turquoise, Gold], occasion[Wedding and Engagement, Religious, Love]","This Jeweltouch Necklace Features A Complete Craftmanship, Framed And Mounted In An Alloy. This Necklace Is Unique Among Jewelry Accessories."
"name[Glus Yadiali Women's Push-up Bra], brand[Purple], category[Clothing], subcategory[Women's Clothing], priceRange[moderate], type[Push-up Bra], ideal for[Women's], color[Purple], occasion[Wedding]",Glus Yadiali Pushup Underwire T-shirt Bra : Enhance your Cleavage with extra thich pushup cup . Underwire Seamless -Tshirt Bra .
"name[Aardee Neon Net Design Art Thick Fabric Pencil Box], category[Toys & School Supplies], subcategory[School Supplies], priceRange[cheap], series[Neon Net], pencil box art[Design], pencil box material[Thick Fabric]",A very beautiful and unique pouch in neon colour with lovely shine and two separate narrow pouches in a net design.
"name[Nisa Pearls Mother of Pearl Jewel Set], brand[Nisa Pearls], category[Jewellery], subcategory[Jewellery Sets], priceRange[expensive], type[Earring and Necklace Set], ideal for[Women, Girls], color[White], occasion[Everyday, Love, Workwear]","The prettiest Fashion jewellery, beautiful and easy to wear."
"name[Bed & Bath Cotton Floral Double Bedsheet], brand[Bed & Bath], category[Home Furnishing], subcategory[Bed Linen], priceRange[expensive], type[Flat], ideal for[Girls], color[Purple, Green, Beige], material[Cotton]","Bed & Bath Cotton Floral Double Bedsheet (1 Bedsheet, 2 Pillow Covers, Purple, Green, Beige) Superb Quality And Dat So Comfortable Feelin Is Hilton Series. Lovely Prints And Pure Cotton Bedsheets Should Surely Be Welcomed In Your Room This Summer"
"name[Chilee Life Premium Women's Full Coverage, Push-up Bra], brand[Dark Skinny], category[Clothing], subcategory[Women's Clothing], priceRange[cheap], type[Full Coverage, Push-up Bra], ideal for[Women's], color[Brown], occasion[Casual]",Uplift Your Mood With This Dark Colored Full Coverage Push-Up Bra By Chilee Life Made Specially For Indian Figure That Promises To Get You High On Style And Glam Quotient. This Double Layered Cotton Hosiery Bra Is Stretchable And Comfortable To Wear All Day Long.
"name[UFC Mart PR009492 Showpiece - 25 cm], brand[UFC Mart], category[Home Decor & Festive Needs], subcategory[Showpieces], priceRange[expensive], type[Ethnic], color[Multicolor], material[Wooden], weight[680 g]",KundanWood Photo Frame which is the right accessory to showcase your favorites memories. Perfect for Photos from Special Events and Cherishe.
"name[Ndura Kadhai 1.7 L], brand[Ndura], category[Kitchen & Dining], subcategory[Cookware], priceRange[moderate], type[Kadhai], color[Silver], diameter[19 cm], capacity[1.7 L]","A fantastic addition to your kitchen, this silver coloured kadhai brought to you by Steel Factory is all set to ease up your cooking tasks. Finely crafted out of high quality stainless steel, this kadhai comes in mirror finish and looks very classy"
"name[ShellysTrends Planters Plant Container Set], brand[ShellysTrends], category[Tools & Hardware], subcategory[Tools], priceRange[expensive], type[Decorative], color[Brown], material[Metal], height[13 cm]",Planters With Oriental Touch & Old World Charm For Urban & Cosmopolitan Homes
"name[Rockmantra 3d Fruits Ceramic Mug], category[Kitchen & Dining], subcategory[Coffee Mugs], priceRange[cheap], type[Mug], material[Ceramic], weight[300 g], width[88 mm]","Give a thrilling yet fresh start to your day. An exclusive creation by Rockmantra, this mug features porcelain crafting ensuring the design stays permanent for years to come and making it a perfect pick to gift your loved ones too!Dishwasher and microwave safe."
"name[Joyeria Milan Plate Resin Necklace], brand[Joyeria Milan], category[Jewellery], subcategory[Necklaces & Chains], priceRange[moderate], type[Necklace], ideal for[Women], color[Black], occasion[Everyday]",Add grace and style to your look with this jewellery set from Joyeria Milan. Team it up with your favorite outfits and step out in style.
"name[MKB Fabric Bangle], brand[MKB], category[Jewellery], subcategory[Bangles, Bracelets & Armlets], priceRange[expensive], type[Bangle], ideal for[Women, Girls], color[Pink], occasion[Wedding and Engagement]",This Ethnic Handmade Kada Style Bangle Is A New Style Statement. A Base Of Pink Colour Velvet Cloth Is Used In The Bangle Making.
"name[Vaishna Pro Women's Full Coverage Bra], brand[Multicolor], category[Clothing], subcategory[Women's Clothing], priceRange[cheap], type[Full Coverage Bra], ideal for[Women's], color[Multicolor], occasion[Casual]","Our VAISHNA bra is so comfortable and supportive, you will forget you have it on.Crafted from cotton, these are extremely comfortable to wear and keep you feeling fresh and confident all day long."
"name[Alvaro Self Design Tie], category[Clothing], subcategory[Men's Clothing], priceRange[cheap], type[Tie], pattern[Self Design], fabric[Microfiber]",Alvaro Castagnino Yellow & Blue Colored Microfibre Self Design Tie
"name[Enthopia Back Cover for iPad Mini, iPad Mini 2, iPad Mini Retina], brand[Enthopia], category[Mobiles & Accessories], subcategory[Tablet Accessories], priceRange[expensive], color[Multicolor], shade[Multicolor], designed for[iPad Mini, iPad Mini 2, iPad Mini Retina], waterproof[Yes]",Protetcive Hard Back Case for for iPad Mini/Mini 2 with Multi-Fold Smart Cover. Funky design and International Quality Standard.
"name[Magnum Footwear Lifestyle Boots], category[Footwear], subcategory[Women's Footwear], priceRange[expensive], ideal for[Women], color[Black], occasion[Casual], outer material[Synthetic Leather]","Magnum is a leading brand in women footwear supplying finest export quality genuine leather footwear. These footwear are outcome of highest quality research and special attention is paid to consumers' need in terms of fashion, style and durability."
"name[Radiant Bay Astonishing Yellow Gold Diamond 14 K Ring], brand[Radiant Bay], category[Jewellery], subcategory[Rings], priceRange[expensive], type[Ring], ideal for[Women], color[Yellow], occasion[Wedding and Engagement]","This beautiful ring holds 37 diamonds with a total diamond weight of 0.5 carat. Top Width : 6.1mm, Shank Width : 1.8 mm."
"name[Prithish Friendship Is Love With Understanding Double Color Ceramic Mug], category[Kitchen & Dining], subcategory[Coffee Mugs], priceRange[cheap], type[Mug], material[Ceramic], weight[340 g], width[80 mm]","""Get Talking With Your Coffee! Our Wide Selection Of Cute And Catchy Designs Means You'Re Sure To Find The Quote That Says What It Is, The Way It Is."
"name[Xtreme MB Windtone For TVS Pep Plus 110 dB Vehicle Horn], brand[Xtreme], category[Automotive], subcategory[Accessories & Spare parts], priceRange[cheap], type[Internal], color[Black], material[Plastic, Metal], weight[500 g]",18 Sounds Digital Computer Chip Electric Powered Horn. RATED VOLTAGE: 12V.18 Sounds Digital Computer Chip Electric Powered Horn.
"name[Fullcutdiamond FCDR6801R Yellow Gold Diamond 18K Yellow Gold 18 K Ring], brand[Fullcutdiamond], category[Jewellery], subcategory[Rings], priceRange[expensive], type[Ring], ideal for[Women], color[Gold], occasion[Everyday]",0.28 Cts Fullcutdiamond Diamond Ring in Gold & Real Diamonds
"name[Fabulloso Metal Bracelet Set], brand[Fabulloso], category[Jewellery], subcategory[Bangles, Bracelets & Armlets], priceRange[cheap], type[Bracelet Set], ideal for[Women, Girls], color[Multicolor], occasion[Religious, Love, Workwear]",And what happened as soon as we set eyes on this beauty? We were charmed!
"name[TheLostPuppy Back Cover for Apple iPad Air 2], brand[TheLostPuppy], category[Mobiles & Accessories], subcategory[Tablet Accessories], priceRange[expensive], color[Multicolor], material[Plastic], shade[Multicolor], designed for[Apple iPad Air 2]",Designed To Protect And Impress. The Lost Puppy Brings You Robust Mobile Covers In All Sizes.
"name[Tallenge Christmas Collection - Christmas Tree With Yellow Background - Gallery Wrap Canvas Painting], brand[Tallenge], category[Home Decor & Festive Needs], subcategory[Wall Decor & Clocks], priceRange[expensive], weight[0.5 kg], width[15 inch], height[15 inch], shape[Square]","The countdown is on! Time to select gifts for friends and families, and maybe something for yourself too."
"name[Tatvaarts Urli Showpiece - 21.59 cm], brand[Tatvaarts], category[Home Decor & Festive Needs], subcategory[Showpieces], priceRange[expensive], type[Ethnic], color[Gold], material[Brass], weight[2100 g]",This beautiful brass Urli will occupy the pride of place in your home. It makes the ideal decor accessory when filled with water and flower petals.
"name[Nutcase Sticker Wrap Design - Gummy Bears 800 ml Bottle], category[Kitchen & Dining], subcategory[Containers & Bottles], priceRange[cheap], type[Bottle], height[25 cm], body material[Aluminium]","Nutcase brings you designer water bottle . Nutcase Bottles reflect your style, your attitude."
"name[Theskinmantra Sleeve for All versions of Apple ipad], brand[Theskinmantra], category[Mobiles & Accessories], subcategory[Tablet Accessories], priceRange[moderate], color[Multicolor], material[Cloth], weight[100 g], shade[Multicolor]","The HOT new Ipad sleeves from the house of Theskinmantra are here. These are Waterproof and fadeproof sleeves for all Ipad versions (Ipad 1, 2, 3, 4, Ipad Air 1, Ipad Air 2, Ipad Air 3) ."
"name[Vitalwalls With Frame Canvas Painting], brand[Vitalwalls], category[Home Decor & Festive Needs], subcategory[Wall Decor & Clocks], priceRange[expensive], weight[0.7 kg], width[24 inch], height[18 inch], frame included[Yes]",Premium Canvas Art Print. This Art Print is a Best Seller.
"name[Fullcutdiamond FCDR806R White Gold Diamond 18K White Gold 18 K Ring], brand[Fullcutdiamond], category[Jewellery], subcategory[Rings], priceRange[expensive], type[Ring], ideal for[Women], color[Gold], occasion[Everyday]",0.26 Cts Fullcutdiamond Diamond Ring in Gold & Real Diamonds
"name[Ninja Turtles Printed Men's Round Neck T-Shirt], category[Clothing], subcategory[Men's Clothing], priceRange[cheap], type[Round Neck], ideal for[Men's], occasion[Casual], pattern[Printed]","The team's bad boy, Raphael wears a dark red mask and wields a pair of sai. He is physically strong, has an aggressive nature, and seldom hesitates to throw the first punch."
"name[Fab Fashion Alloy Necklace], brand[Fab Fashion], category[Jewellery], subcategory[Necklaces & Chains], priceRange[moderate], type[Necklace], ideal for[Women, Girls], color[Silver], occasion[Everyday]","Durable and has a wonderful finish.Designed to excellence, this Double Strand Leaf Pendant Necklace makes for a wonderful gifting option as well."
"name[Aaliya Festive Full Sleeve Self Design Women's Top], category[Clothing], subcategory[Women's Clothing], priceRange[expensive], ideal for[Women's], occasion[Festive], pattern[Self Design], fabric[Viscose Georgette]","Crochet lace inserts in between fabric panels, you can imagine the work it took to put this together. A must have."
"name[JadeBlue Men's Solid Formal Shirt], brand[Regular], category[Clothing], subcategory[Men's Clothing], priceRange[moderate], ideal for[Men's], occasion[Formal], pattern[Solid], fabric[Cotton]",You can never go wrong while wearing a solid black shirt. This black shirt by JadeBlue would fit you llike a second skin.
"name[Sweet Angel Printed Girl's Track Pants], category[Clothing], subcategory[Kids' Clothing], priceRange[moderate], ideal for[Girl's], occasion[Casual], pattern[Printed], fabric[cotton]",Sweet angel begie color side pocket rock printed lowers for cool winters in warm fleece fabric for girls
"name[Sukkhi Copper Rhodium Bangle Set], brand[Sukkhi], category[Jewellery], subcategory[Bangles, Bracelets & Armlets], priceRange[moderate], type[Bangle Set], ideal for[Women, Girls], color[White], occasion[Everyday, Wedding and Engagement]",This Sukkhi Delightful Rhodium Plated Set OF 4 Australian Diamond Single Line Bangle is made of Copper. Women love jewellery; specially artificial jewellery adore a women.
"name[I Am For You Women's Solid Casual Shirt], category[Clothing], subcategory[Women's Clothing], priceRange[cheap], ideal for[Women's], occasion[Casual], pattern[Solid], sleeve[Full Sleeve]",Full sleeve shirt with hidden placket and plaets on side of placket.
"name[Vero Moda Casual 3/4 Sleeve Embellished Women's Top], category[Clothing], subcategory[Women's Clothing], priceRange[expensive], type[Top], ideal for[Women's], occasion[Casual], pattern[Embellished]",Get trendy with this printed from the house of Vero Moda. This grey will make you look elegant.
"name[Hand Art Terracotta Mask Showpiece - 28 cm], brand[Hand Art], category[Home Decor & Festive Needs], subcategory[Table Decor & Handicrafts], priceRange[moderate], type[Human Figurines], color[Multicolor], material[Terracotta], width[9 cm]","Panchmura of Bankura, West Bengal is home to 350 crafts persons who are involved in making Terracotta Masks & Horse inexorably linked to their habitant culture. Bold demonic look & pretty look is the characteristic feature of the masks."
"name[Shopper Tree Women's Solid Casual Shirt], brand[Slim], category[Clothing], subcategory[Women's Clothing], priceRange[moderate], type[Midi], ideal for[Women's], occasion[Casual], pattern[Solid]",Off white ladies top with full sleeves and collarr with hidden lace near the pocket gives the garment a fresh look and can be used with black trousers.
"name[Zephyrr Alloy Necklace], brand[Zephyrr], category[Jewellery], subcategory[Necklaces & Chains], priceRange[cheap], type[Necklace], ideal for[Women], color[Multicolor], occasion[Everyday, Love, Workwear]","Look stylish with this stunning Tibetan Necklace with golden metallic and green/red stone inlay work. Beautifully handcrafted with antique finish golden metallic beads, orange, red, green wooden beads."
"name[JRS Fashion Women's Leggings], category[Clothing], subcategory[Women's Clothing], priceRange[cheap], type[Leggings], ideal for[Women's], occasion[Casual], pattern[Solid]","Feel the smooth & silkiness to your skin, Maximum Stretch and Flexibility"
"name[YK Self Design Round Neck Casual Boy's Sweater], category[Clothing], subcategory[Kids' Clothing], priceRange[moderate], ideal for[Boy's], occasion[Casual], pattern[Self Design], fabric[100% Acrylic]","Navy sweater, has knitted pattern, a round neck, and long sleeves. Pep up your little boy's look with this trendy sweater."
"name[Ruchiworld Vighneshvara Ganpati Showpiece - 5 cm], brand[Ruchiworld], category[Home Decor & Festive Needs], subcategory[Showpieces], priceRange[expensive], type[Ethnic], color[Multicolor], material[Stoneware], width[6 cm]","Ganesha statue sitting on throne. Ganesha known as ganapati, vinayaka and pillaiyar is one of the best known and most widely worshipped deities in the hindu pantheon."
"name[Jaabili Men's Solid Formal Shirt], brand[Regular], category[Clothing], subcategory[Men's Clothing], priceRange[moderate], ideal for[Men's], occasion[Formal], pattern[Solid], fabric[Cotton]","Complete your formal wardrobe with this formal white shirt.the fabric used in this shirt is sourced from quality mills. Ride high on style with its buttoned up sleeves, semi spread collar and a chest pocket."
"name[Clovia Light padding Women's Plunge Bra], brand[Purple], category[Clothing], subcategory[Women's Clothing], priceRange[cheap], type[Plunge Bra], ideal for[Women's], color[Purple], occasion[Casual]",This t-shirt bra provides wire free comfort in soft cotton rich fabric. The cups are lightly padded and they provide volume with a smooth shape.
"name[Jovial Mart Store Men's Solid Formal Shirt], brand[Slim], category[Clothing], subcategory[Men's Clothing], priceRange[expensive], ideal for[Men's], occasion[Formal], pattern[Solid], fabric[Cotton]","Show Off Your Love For Smart Dressing As You Wear This Formal Shirt From The House Of Jovial Mart. Fashioned Using The Ultimate Material For Comfort- Cotton, This Shirt Will Keep You At Ease."
"name[Cambio Plant Container Set], brand[Cambio], category[Tools & Hardware], subcategory[Tools], priceRange[moderate], type[Hanging], color[Purple], material[Plastic], height[15 cm]",Cambio presents this beautiful wall hanging set for decorating your outdoors as well as indoors. This is a purple coloured piece can hold 2 plants as it only has 2 pockets for that purpose.
"name[The Jewelbox Brass Yellow Gold Cuff], brand[The Jewelbox], category[Jewellery], subcategory[Bangles, Bracelets & Armlets], priceRange[moderate], type[Cuff], ideal for[Girls, Women], color[Gold], occasion[Wedding and Engagement, Everyday]","Make: Gold Plated Wired Mesh, Studded With Central Motif In Vibrant Peacock Hues. Kundan, American Diamonds & Ruby Simulant Stones : Handpicked For Uniformity Of Colour,Lustre & Shape."
"name[MHK Pouch for Apple iPad Air, Apple iPad Air 2, Apple 4th Generation iPad, Apple iPad 4], brand[MHK], category[Mobiles & Accessories], subcategory[Tablet Accessories], priceRange[expensive], color[Black], material[Artificial Leather], shade[Black and Red]","Not only can you protect your Apple Device from dings and scratches with this unique custom case, you can express your individuality with our stylish designs. This thin, lightweight, and durable case is made with an easy-to grip material that provides superior in-hand comfort."
"name[Radiant Bay Solitaire Charmer Yellow Gold Diamond 18 K Ring], brand[Radiant Bay], category[Jewellery], subcategory[Rings], priceRange[expensive], type[Ring], ideal for[Women], color[Yellow], occasion[Love]","This beautiful ring holds 15 diamonds with a total diamond weight of 0.29 carat. Top Width : 3.9mm, Shank Width : 1.6 mm."
"name[DailyObjects Back Cover for Apple iPad 2/3/4], brand[DailyObjects], category[Mobiles & Accessories], subcategory[Tablet Accessories], priceRange[expensive], color[Multicolor], material[Plastic], shade[Multicolor], designed for[Apple iPad 2/3/4]","About DailyObjects: This slim back cover is a product of DailyObjects.com, India’s largest seller of designer and customisable smartphone cases. DailyObjects has a curated collection of exclusive licensed art that we have painstakingly sourced from artists that we love, from around the world."
"name[i-KitPit Pouch for Lenovo A369i], brand[i-KitPit], category[Mobiles & Accessories], subcategory[Mobile Accessories], priceRange[cheap], color[Red], material[Artificial Leather], shade[Red], designed for[Lenovo A369i]","Durable & strong pouch, made up of premium quality artificial leather. Protects screen from unnecessary scratches."
"name[S4S Stylish Women's Push-up Bra], brand[Orange], category[Clothing], subcategory[Women's Clothing], priceRange[moderate], type[Push-up Bra], ideal for[Women's], color[Orange, Brown], occasion[Casual]",S4S Brings you a range of stylish and comfortable collection. Colour may slightly vary depending on your computer monitor setting.
"name[Tradeyard impex Beautiful Alloy Jewel Set], brand[Tradeyard impex], category[Jewellery], subcategory[Jewellery Sets], priceRange[cheap], type[Earring and Pendant Set], ideal for[Women], color[Gold, Blue], occasion[Wedding and Engagement]",This Designer Jewelry is made by Alloy Metal .It is decorated with acrylic & Blue CZ stone. New Fashion Ethnic Designs Latest Trendy Jewelry.
"name[Tia by Ten on Ten Lacy Women's Push-up Bra], brand[Black], category[Clothing], subcategory[Women's Clothing], priceRange[moderate], type[Push-up Bra], ideal for[Women's], color[Black], occasion[Casual]",Soft microfiber padding and a delicate underwire for enhanced coverage and shaping. A patch of lace at the cup edges adds a touch of romance.
"name[Vedika Jewellery Alloy Bangle Set], brand[Vedika Jewellery], category[Jewellery], subcategory[Bangles, Bracelets & Armlets], priceRange[moderate], type[Bangle Set], ideal for[Women], color[Gold], occasion[Everyday]",Add some sparkle to your ethnic outfits by wearing these bangles from Vedika Jewellery. This set includes a mix of sleek and thick bangles and features a simple and elegant design.
"name[Grafion by Grafion - Comfort Feel Women's Full Coverage Bra], brand[White], category[Clothing], subcategory[Women's Clothing], priceRange[moderate], type[Full Coverage Bra], ideal for[Women's], color[Multicolor], occasion[Beach Wear, Lounge Wear, Casual]","So pretty and feminine, this multi coloured set of 3 bra's from the house of Grafion will certainly impress you at the very first glance. These two white cotton hosiery bras's and one black cotton bra will certainly make you feel beautiful and comfortable within."
"name[BlueStone Kshitija Yellow Gold Diamond 18 K Ring], brand[BlueStone], category[Jewellery], subcategory[Rings], priceRange[expensive], type[Ring], ideal for[Women], color[Yellow], occasion[Religious]","""Any Stones (including Diamonds) would be verified by either one of the two international gem testing laboratories, i.e. either from SGL or HKD"""
"name[Nimya Solid Men's Polo Neck T-Shirt], category[Clothing], subcategory[Men's Clothing], priceRange[expensive], type[Polo Neck], ideal for[Men's], occasion[Casual], pattern[Solid]",Nimya Is In Lifestyle Fashion And Athletic Apparels. This Polo T-Shirt Is Made To Bring Out The Style In You.
"name[Vidhya Kangan Brass Yellow Gold Bracelet], brand[Vidhya Kangan], category[Jewellery], subcategory[Bangles, Bracelets & Armlets], priceRange[cheap], type[Bracelet], ideal for[Women], color[Green], occasion[Love]",From the house of Vidhya Kangan presenting an exotic designer wear jewellery that matches with all occasional jewellery needs. color Green material Cotton and Brass pack of 1 bangles.
"name[Awesome Silk Embroidered Blouse Material], category[Clothing], subcategory[Women's Clothing], priceRange[moderate], type[Blouse Material], ideal for[Women's], color[Blue], pattern[Embroidered]",Awesome Self Desing ready to stitch fully embellished Awesome blouse pc in Art Silk
"name[Enthopia Flip Cover for iPad 2, iPad 3, iPad 4], brand[Enthopia], category[Mobiles & Accessories], subcategory[Tablet Accessories], priceRange[expensive], color[Multicolor], material[Plastic], shade[Multicolor], designed for[iPad 2, iPad 3, iPad 4]",Protective Hard Back Case with Detachable Front Smart Cover for Ipad 2/3/4. Funky design.
"name[Bralux Rose Women's Full Coverage Bra], brand[Purple], category[Clothing], subcategory[Women's Clothing], priceRange[cheap], type[Full Coverage Bra], ideal for[Women's], color[Purple], occasion[Casual]",Product Description: Rose Is A Padded Bra Made Of Nylon Stretch Fabric. Provides All Day Comfort And Is Ideal For Tight Fitting Clothes.
"name[Trident Cotton Set of Towels], brand[Trident], category[Home Furnishing], subcategory[Bath Linen], priceRange[moderate], type[Set of Towels], color[Multicolor], material[Cotton], width[70 cm]","Trident Cotton Set of Towels (4 Bath Towels, Multicolor) Pre-washed fabric which ensures the colors do not fade and finish & texture of the fabric is not lost after washing. Azo Free Dyes are used which are good for the skin and environment"
"name[Woodman Steel Car Bumper Guard], brand[Woodman], category[Automotive], subcategory[Accessories & Spare parts], priceRange[expensive], type[Bumper], color[Silver], material[Steel], finish[Matte]","Woodman Steel Car Bumper Guard (Silver, Pack of 3, Chevrolet, Cruze) Steel Bumper Gurd With Chrome Bumper Patta Which Covers The Maximum Back Bumper Of Your Car"
"name[Wild Stone Deodorant No-22 Combo Set], category[Beauty and Personal Care], subcategory[Fragrances], priceRange[cheap], ideal for[Men]",Long lasting fragrance Contains tricolosan as an active ingredient for deodorizing and long lasting fragrance
"name[Fuson Back Cover for Samsung Galaxy J7], brand[Fuson], category[Mobiles & Accessories], subcategory[Tablet Accessories], priceRange[moderate], color[Multicolor], material[Plastic], shade[Multicolor], designed for[Samsung Galaxy J7]","FUSON Premium 2D Designer Back Cover For SAMSUNG GALAXY J7, This Durable, Stylish 2D Case Keeps Your SAMSUNG GALAXY J7 Safe and Protected. These attractive and unique designs are Customized Designs."
"name[DailyObjects Back Cover for Apple iPad 2, 3, 4], brand[DailyObjects], category[Mobiles & Accessories], subcategory[Tablet Accessories], priceRange[expensive], color[Red], material[Plastic], shade[Red], designed for[Apple iPad 2, 3, 4]","The design on this case is like the story of one of those movies in which two people exchange their outer appearances, only here these two creatures have exchanged the texture of their skin. Still the confusion will bring a smile on your face."
"name[Anjan Brass Cubic Zirconia Yellow Gold Kada], brand[Anjan], category[Jewellery], subcategory[Bangles, Bracelets & Armlets], priceRange[expensive], type[Kada], ideal for[Women], color[Gold], occasion[Wedding and Engagement]","Anjan Creation Presents This Golden Coloured KADA, Which Will Add A Hint Of Class To Your Femininity. Made Of Alloy, This KADA Will Retain Their Quality And Shine For Years To Come."
"name[Bainsons Flexible & Portable uf-M01 USB USB Fan], brand[Bainsons], category[Computers], subcategory[Laptop Accessories], priceRange[cheap], type[USB Fan], color[Multicolor], material[Plastic], system requirements[USB Port 1.0]","This flexible USB Fan for Laptop & PC is durable featherweight construction and small enough to take it anywhere easily. Low power consumption, low noise electro-motor and compatible with any USB-socket, directly plug the USB Fan into USB port on your laptop PC."
"name[Enwraps Utility Pouch Hippie Miniature Bag Abstract Art Cloth Pencil Box], category[Pens & Stationery], subcategory[School Supplies], priceRange[cheap], weight[200 g], width[90 mm], height[200 mm], depth[50 mm]",Exclusive range of attractive and unique multipurpose pouches by Enwraps. These can be used as pencil boxes as well as it can be used as travel pouches.
"name[Green Girgit Plant Container Set], brand[Green Girgit], category[Tools & Hardware], subcategory[Tools], priceRange[cheap], type[Hanging], color[Green], material[Metal], height[30 cm]",Beautiful And Colorful Planters Make Your Garden Full Of Life.
"name[Wrangler Solid Turtle Neck Casual Men's Sweater], category[Clothing], subcategory[Men's Clothing], priceRange[expensive], ideal for[Men's], occasion[Casual], pattern[Solid], fabric[100% Cotton]","Navy blue sweater, has a mock collar, a full zip closure, long sleeves, a ribbed hemlineBeat the chill this Winter by donning this comfortable sweater from Wrangler. Team it with a pair of slim fit jeans or chinos and canvas shoes to complete the ensemble."
"name[Pissara Alloy Cubic Zirconia Rhodium, 18K Yellow Gold Kada], brand[Pissara], category[Jewellery], subcategory[Bangles, Bracelets & Armlets], priceRange[expensive], type[Kada], ideal for[Women, Girls], color[White, Gold], occasion[Everyday, Wedding and Engagement]",This Pissara Surveen Chawla Bewitching Gold and Rhodium Plated Cubic Zirconia Stone Studded Kada is made of alloy. Women love jewellery; specially Cubic Zirconia jewellery adore a women.
"name[Peora Sterling Silver Rose Gold Bracelet], brand[Peora], category[Jewellery], subcategory[Bangles, Bracelets & Armlets], priceRange[expensive], type[Bracelet], ideal for[Women], color[Copper], occasion[Workwear]",This beautiful design is crafted out of Sterling Silver and comes with a 925 stamp. It is plated with Nickel Free Rhodium for shine and protection.
"name[Fuson Back Cover for Apple iPad Mini 2], brand[Fuson], category[Mobiles & Accessories], subcategory[Tablet Accessories], priceRange[moderate], color[Multicolor], material[Plastic], shade[Multicolor], designed for[Apple iPad Mini 2]","This durable, stylish “Music” 3D Designer case keeps your Apple iPad Mini 2 safe and protected. This “Music” 3D Designer case’s total body is made up of Plastic Case With Plastic Platform."
"name[Radiant Bay Seven Stone White Gold Diamond 18 K Ring], brand[Radiant Bay], category[Jewellery], subcategory[Rings], priceRange[expensive], type[Ring], ideal for[Women], color[White], occasion[Love]","This beautiful ring holds 7 diamonds with a total diamond weight of 0.2 carat. Top Width : 1.6mm, Shank Width : 1.5 mm."
"name[Merastore Precious and Priceless Rhodium Swarovski Crystal Alloy Pendant], brand[Merastore], category[Jewellery], subcategory[Pendants & Lockets], priceRange[expensive], type[Pendant], ideal for[Women, Girls], occasion[Religious, Everyday, Love, Workwear], gemstone[Swarovski Crystal]",Swan shape pendant in blue color made with Swarovski elements
"name[Jewels Of Jaipur Gold Ruby Yellow Gold 14 K Ring], brand[Jewels Of Jaipur], category[Jewellery], subcategory[Rings], priceRange[expensive], type[Ring], ideal for[Women], color[Red], occasion[Wedding and Engagement]","Gemstone Wt-0.250,Actual Diamond Wt-0.069 Diamond Color :- Ij , Diamond Clarity Si, Diamond Cut: Brilliant"
"name[Karatcraft Sima Gold Diamond 18 K Ring], brand[Karatcraft], category[Jewellery], subcategory[Rings], priceRange[expensive], type[Ring], ideal for[Women, Girls], color[Gold], precious artificial jewellery[Precious Jewellery]","A delicate Diamond Ring design which is petit but great for everyday jewellery. A must have small solitaire, recommended as a first solitaire ring by us"
"name[Port Fusion Football Shoes], category[Footwear], subcategory[Men's Footwear], priceRange[moderate], ideal for[Men], color[Orange], occasion[Sports], outer material[PU]","Stylish and comfortable, this pair of casual and sport shoes from Port is your best companion for your running or training sessions. Team this pair up with a pair of track pants and a sweatshirt to ace that sporty look."
"name[Nexus NX_7557 Analog Watch - For Women], category[Watches], subcategory[Wrist Watches], priceRange[moderate], type[Analog], ideal for[Women], dial shape[Contemporary], strap color[Black]",Check out this uber cool watch for a dash of style and oomph. The unique shape of the dial has a very distinct sense of appeal.
"name[Vaishna Fashion Women's Full Coverage Bra], brand[White], category[Clothing], subcategory[Women's Clothing], priceRange[cheap], type[Full Coverage Bra], ideal for[Women's], color[White], occasion[Casual]","We love these fabulous styles that keep you feeling comfortable and stylish all day long. Crafted from Inter-Lock stretch cotton fabric for extra comfort this bra features generous seamed cups for full-coverage, broad side panels for ultimate support and no itchy labels."
"name[United Colors of Benetton Solid Round Neck Casual Women's Sweater], category[Clothing], subcategory[Women's Clothing], priceRange[expensive], ideal for[Women's], occasion[Casual], pattern[Solid], fabric[100% Cotton]","Flaunt a beautiful look with this white colored sweater from United Colors of Benetton. To reduce the odors, this sweater is made of good quality fabric especially for fashion conscious women."
"name[JDX Plain Bed/Sleeping Pillow], brand[JDX], category[Home Furnishing], subcategory[Cushions, Pillows & Covers], priceRange[expensive], type[Bed/Sleeping Pillow], ideal for[Men], color[White], width[38 cm]","This is Exclusive comfort cushion with best quality of JDXONLINESALE Color: White, Material: Reliance Fabric Packaging: Plain polybag, Vacuum Packed (Compressed Piece), Washable, Machine wash using a mild detergent. Hang to dry."
"name[ALX New York Striped V-neck Casual Men's Sweater], category[Clothing], subcategory[Men's Clothing], priceRange[expensive], ideal for[Men's], occasion[Casual], pattern[Striped], sleeve[Full Sleeve]","Look good effortlessly in this chocolate, stylish striped sweater in long sleeves made in luxurious Merino wool. Its bound to keep you warm and snug."
"name[Seher Tribal Fibre Art Showpiece - 36 cm], brand[Seher], category[Home Decor & Festive Needs], subcategory[Table Decor & Handicrafts], priceRange[moderate], type[Human Figurines], color[Multicolor], material[Wooden], weight[445 g]",This is the newest art from in the culturally rich land of West Bengal. Artisans make shapes out of White polymer that are then planted on wooden sheets and left to dry.
"name[DailyObjects Back Cover for Apple iPad 2, 3, 4], brand[DailyObjects], category[Mobiles & Accessories], subcategory[Tablet Accessories], priceRange[expensive], color[Multicolor], material[Plastic], shade[Multicolor], designed for[Apple iPad 2, 3, 4]","Renew the look of your iPad with this case which is flaunting a beautiful piece of design on itself. The various colours shades that have found a place on this case give it a distinct appearance, just the way you have always wanted."
"name[Akfoster Women's Leggings], category[Clothing], subcategory[Women's Clothing], priceRange[cheap], type[Leggings], ideal for[Women's], occasion[Casual], pattern[Solid]",Walk out in style with these well-designed leggings from the house of A.K. Clothing.
"name[Printland PMBA1871 Ceramic Mug], category[Kitchen & Dining], subcategory[Coffee Mugs], priceRange[cheap], type[Mug], material[Ceramic], weight[350 g], mug capacity[350 ml]",Printland coffee mug is an adorable and a fantastic coffee mug. One can enjoy their morning coffee/tea in this huge mug.
